年別,行政區,家庭戶數[戶],每戶人數[人],每戶成年人數[人],每戶就業人數[人],每戶所得收入者人數[人],一、所得收入總計[元],1.受僱人員報酬,[1]本業薪資,[2]兼業薪資,[3]其他收入,2.產業主所得,3.財產所得收入,4.自用住宅設算租金收入,5.經常移轉收入,[1]從私人,[2]從政府,[3]社會保險受益,[4]從企業,[5]從國外,6.雜項收入,二、非消費支出[元],1.利息支出,2.經常移轉支出,[1]對私人,[2]對政府,[3]社會保險,[4]對國外,三、消費支出[元],1.食品及非酒精飲料,2.菸酒及檳榔,3.衣著鞋襪及服飾用品,4.住宅服務、水電瓦斯及 其他燃料,[1]房地租及水費,[2]電費及燃料,5.家具設備及家務維護,6.醫療保健,7.交通,[1]個人交通工具之購置,[2]個人交通設備使用管理及 保養費,[3]乘交通設備及其他交通服務,[4]汽、機車保險費,8.通訊,9.休閒與文化,[1]套裝旅遊[不含自助旅遊],[2]娛樂消遣及文化服務,[3]書報雜誌文具,[4]教育消遣康樂器材及其附屬品,10.教育,11.餐廳及旅館,12.什項消費,可支配所得[元],消費支出[元],儲蓄[元],所得總額[元]
101年,總平均,1007687,3.21,2.64,1.39,1.71,1570778,947142,684856,72472,189815,169414,110376,103247,240357,98844,46281,93675,845,712,241,292500,17272,275227,88527,61229,121963,3508,973747,146586,7484,26975,291037,268357,22680,25643,116812,75845,5467,45324,21547,3508,30631,69412,36406,14496,6940,11570,40036,86372,56913,1278278,973747,304531,1683958
101年,松山區,79229,3.09,2.57,1.35,1.72,1728993,1077380,772024,84687,220669,206605,106348,108255,230062,89249,43675,93460,556,3123,343,363052,27363,335689,107456,87647,136592,3994,1061992,151542,6776,31540,324474,302749,21724,30316,125401,83420,5002,49405,25890,3124,30075,77212,43518,15158,6775,11761,33771,98448,69016,1365941,1061992,303950,1870252
101年,信義區,87400,3.45,2.76,1.5,1.79,1643281,1046753,783312,61613,201828,171737,93690,95462,235249,83801,43961,105533,1003,952,389,301331,18420,282910,89965,50994,140353,1597,982926,148424,7668,27183,283316,260661,22655,25444,124146,74882,5681,48399,18316,2487,33793,75331,37033,16905,7017,14376,41052,87622,54066,1341951,982926,359024,1755265
101年,大安區,118421,2.88,2.49,1.21,1.72,1818332,1067369,702859,159873,204637,155546,224020,129668,241511,106617,45001,88662,1232,-,218,340185,15494,324691,111058,97914,114320,1399,1113472,153644,6420,40561,353411,329578,23833,33350,130474,71579,228,38890,28738,3723,32677,91128,49707,17429,7737,14633,44085,89455,66689,1478147,1113472,364675,1958269
101年,中山區,94852,3.1,2.66,1.37,1.68,1528923,952595,663296,106312,182987,156789,73456,113876,232073,104552,46922,80276,323,-,134,287170,20417,266752,99532,48063,112438,6720,965483,147139,6805,24783,287572,264864,22708,23203,108831,90926,16781,49113,21545,3487,32025,68466,35097,14228,7737,11404,43045,76595,56093,1241754,965483,276271,1625775
101年,中正區,63449,3.06,2.44,1.14,1.62,1611679,815665,587827,78020,149818,205280,192952,95151,302366,154048,46924,92470,4118,4806,266,274992,16761,258231,103604,49205,102085,3337,987505,149175,6105,26882,306158,282812,23345,29214,121277,69009,8347,39278,17822,3562,29277,81466,50017,14119,6364,10965,35262,75887,57793,1336687,987505,349182,1738316
101年,大同區,49201,3.36,2.72,1.47,1.64,1373177,766970,571692,47939,147339,192896,96003,108138,208914,63996,47529,96952,438,-,255,269219,12620,256599,88080,39111,117096,12311,891867,148262,8444,20149,267629,244532,23097,20367,133618,57936,1474,40637,12819,3006,27770,53441,19487,16374,5428,12152,34244,73077,46930,1103958,891867,212091,1469325
101年,萬華區,75824,3.19,2.65,1.32,1.52,1276737,698181,516670,46946,134565,187519,52453,82793,255699,85188,57475,112632,404,-,92,193173,15694,177479,50339,22665,100112,4363,837156,119091,9073,22296,244851,224271,20580,24915,122937,47295,1179,31865,12076,2175,24828,52630,25673,11369,5451,10137,31808,86914,50516,1083564,837156,246408,1369882
101年,文山區,99871,3.31,2.59,1.42,1.63,1527769,895074,643802,53954,197318,221719,114847,88411,207712,62790,47406,97314,203,-,6,301412,22390,279022,88676,62583,127090,673,957187,158173,7058,25176,257428,234016,23412,18805,113843,92227,11866,50805,25783,3773,32399,60669,31432,11688,7202,10347,51270,81420,58719,1226358,957187,269171,1626934
101年,南港區,43458,3.37,2.82,1.59,1.73,1361697,830792,654180,24952,151660,110503,70027,89631,260449,119654,41547,98842,406,-,296,218677,8095,210581,54699,36565,118801,517,864564,125477,7513,20956,266552,243816,22736,20651,108515,57594,694,41996,11907,2997,24744,53135,29376,9894,7400,9883,27014,100269,52146,1143020,864564,278456,1481517
101年,內湖區,100885,3.33,2.7,1.49,1.77,1612847,1054816,773649,48514,232653,138384,80839,110128,228316,86560,41980,99668,108,-,363,312756,18704,294052,81217,79920,129725,3191,944108,133240,7252,25039,290334,266739,23595,26538,108102,79547,461,55737,18557,4792,30122,66077,34298,13932,7400,10448,38756,90691,48411,1300090,944108,355982,1719473
101年,士林區,103229,3.33,2.79,1.44,1.78,1579716,979536,743015,43111,193410,159970,75393,104064,260535,124031,48465,87177,862,-,218,296231,11567,284663,85697,68097,128631,2239,979896,156023,7942,24920,292011,268890,23120,22247,108668,83465,3699,48721,26823,4222,32242,64400,34079,15219,6079,9022,43327,85381,59269,1283486,979896,303589,1692064
101年,北投區,91868,3.19,2.59,1.43,1.82,1499145,929235,677778,56954,194504,129444,105797,95254,239046,111868,44661,80625,999,894,369,272625,14288,258337,78822,48421,125815,5279,959705,152347,9310,24411,280728,259990,20738,27976,101790,76231,7204,41418,23985,3625,30892,70615,36067,14998,7082,12469,40992,89985,54427,1226520,959705,266815,1608206
102年,總平均,1021435,3.13,2.63,1.33,1.69,1545415,900911,653063,64999,182849,188156,95241,102749,258134,103324,46918,104314,924,2654,224,266220,17493,248726,70150,50824,125165,2587,1001798,149101,7423,28670,301708,277375,24333,28088,121531,73623,4662,44869,20820,3272,31984,72068,40534,14224,6570,10739,35299,87337,64968,1279195,1001798,277397,1659231
102年,松山區,79702,2.99,2.64,1.21,1.72,1628637,956569,675284,84440,196846,128288,127011,122318,294450,133208,50260,110518,464,-,-,249333,15048,234285,69430,51399,112545,911,1126668,145318,9442,35839,366026,342892,23135,28085,140020,83483,5725,51003,23789,2966,32243,86287,50754,17852,6841,10840,23332,100818,75774,1379303,1126668,252636,1787018
102年,信義區,88048,3.1,2.58,1.36,1.7,1583239,947968,687459,71349,189160,197090,62222,94646,281135,134573,45109,98496,916,2041,178,261016,6584,254432,93831,44585,115594,422,1014147,149486,7286,30731,312093,290351,21742,24953,115664,56331,2599,32868,17978,2886,29304,78635,47467,14878,6754,9535,39337,101418,68909,1322223,1014147,308076,1698832
102年,大安區,119148,3,2.57,1.17,1.62,1948587,1076103,766713,95944,213446,241375,226142,146444,258414,97981,40620,105554,4431,9827,108,367896,23891,344005,91725,97804,153171,1306,1217306,163427,5688,38981,388624,362644,25980,36366,158916,72993,416,41745,27886,2945,33580,103448,62412,18005,8119,14912,29540,100471,85272,1580691,1217306,363385,2086590
102年,中山區,96623,2.88,2.42,1.25,1.54,1388558,797305,595046,35100,167159,161187,71593,103265,255142,107216,48522,93701,-,5703,66,233885,18633,215252,61684,35421,108654,9492,912411,135098,5335,22239,287967,265346,22622,25287,110216,56369,1408,33311,19373,2276,28379,69183,41194,12819,5178,9992,33995,86668,51674,1154673,912411,242262,1485055
102年,中正區,64351,3.03,2.68,1.2,1.74,1667387,1019220,670233,164350,184638,163068,102584,125003,257352,95950,47695,113564,143,-,158,248341,6716,241625,67286,54635,112819,6885,1070734,137987,7901,29219,315195,292476,22720,33181,134661,69252,7790,37821,21276,2364,33032,101059,67272,12420,8021,13345,31875,97454,79917,1419046,1070734,348311,1778042
102年,大同區,50251,2.72,2.33,1.26,1.56,1343283,704600,513855,17306,173438,236453,96269,66501,239364,96448,46421,95884,611,-,97,245615,12579,233036,45686,40306,146775,268,864470,135925,5773,21561,270987,247936,23051,25647,100957,53548,607,28589,22650,1702,26044,51524,28338,10725,5164,7297,17069,88237,67199,1097669,864470,233198,1445732
102年,萬華區,76726,3.18,2.68,1.36,1.61,1276863,660326,496107,45314,118905,235268,41437,92004,247304,93499,50905,102158,742,-,524,192454,7378,185076,45874,32981,105646,574,812868,141194,5176,19829,245354,221464,23890,20976,108850,52525,822,38076,11288,2338,26603,45286,21197,10987,5293,7809,38247,63724,45103,1084409,812868,271541,1365128
102年,文山區,101377,3.14,2.54,1.24,1.67,1384796,829312,587670,70169,171473,151744,45652,90239,267741,102606,56466,108584,85,-,108,215253,10525,204728,50875,34720,116244,2889,932292,149744,7386,24628,282739,258318,24421,25283,110497,80120,3735,48030,24844,3511,30253,58977,28621,14532,6425,9399,35312,76055,51298,1169543,932292,237251,1504373
102年,南港區,44622,3.27,2.69,1.32,1.64,1354692,753907,575428,20909,157570,142917,68731,86849,301993,158940,43011,82722,580,16741,294,213740,9178,204562,62206,30434,110956,966,874107,165181,6722,25878,239721,215272,24449,25364,102880,68614,532,43605,21761,2717,30836,48751,24865,9873,5267,8745,25741,89656,44764,1140952,874107,266845,1430618
102年,內湖區,102935,3.36,2.78,1.59,1.82,1620706,1108116,818206,70094,219815,145994,76290,98200,191855,53257,40908,96347,736,607,251,322802,46422,276380,74717,55504,143948,2210,1004022,151502,8553,28324,264285,237858,26427,24401,119567,105116,7788,71462,19726,6140,42804,68762,37559,14289,6705,10209,46146,84680,59883,1297904,1004022,293882,1717309
102年,士林區,104374,3.23,2.69,1.44,1.77,1640043,892990,659772,42527,190691,252132,107988,99180,287577,127176,43971,116392,38,-,177,312106,25822,286284,86392,60767,135553,3573,1087595,154130,10731,33274,318149,293156,24993,36311,122062,81951,7372,50977,19621,3981,35087,78965,41610,16131,7387,13837,50010,84066,82859,1327937,1087595,240342,1758848
102年,北投區,93278,3.47,2.92,1.52,1.82,1408569,842852,627248,42177,173427,179523,68417,80555,236469,70694,50025,114816,934,-,753,240003,9240,230763,66285,40847,123382,250,920758,152783,8036,25772,266925,240486,26439,26247,110176,82644,14180,47126,17699,3639,29905,51031,23178,12462,6159,9232,36304,76146,54790,1168566,920758,247808,1524277
103年,總平均,1031465,3.13,2.59,1.34,1.7,1575819,966480,700135,63425,202920,159504,103796,106608,239317,90701,45851,100055,632,2078,115,283215,18777,264438,67125,53812,138312,5189,1014262,144205,7566,30517,301205,276729,24476,28096,126151,78606,8245,46043,20581,3737,32826,72027,39285,16141,6315,10286,40479,90433,62151,1292604,1014262,278341,1684110
103年,松山區,80008,3.24,2.62,1.34,1.69,1735594,1107661,803602,63690,240369,198983,96759,114190,217944,74507,47314,95808,315,-,57,325905,30503,295402,58906,65139,168036,3321,1090188,135201,10053,33394,342987,318445,24542,32434,128021,77601,1088,51386,21214,3914,35936,81900,45240,19864,5940,10857,52087,95457,65117,1409689,1090188,319501,1851434
103年,信義區,88636,3.08,2.56,1.27,1.65,1603311,1031540,747935,66960,216645,120379,86420,111997,252948,102765,50387,99619,177,-,27,265254,11481,253773,64557,50962,135705,2548,1034264,130002,7915,21734,319457,295108,24348,30561,136588,70441,4798,43807,17852,3983,33276,73112,42325,15220,5350,10217,50268,93021,67888,1338056,1034264,303793,1715613
103年,大安區,119841,3.04,2.59,1.3,1.79,1921756,1156033,825665,87517,242850,224678,174800,126775,239375,89292,42031,103691,407,3953,96,343697,20075,323622,92362,76737,142503,12019,1187685,164869,7432,41353,346656,320877,25780,45061,140688,77169,604,49995,22604,3965,37552,96949,56049,18650,7910,14340,34556,110629,84772,1578059,1187685,390374,2057394
103年,中山區,97610,2.87,2.49,1.18,1.64,1484973,896531,664079,41239,191213,108270,115819,127675,236646,95993,37953,92230,301,10169,32,279075,17893,261183,59626,57238,130428,13890,921815,134272,5554,25163,299127,275086,24041,20247,104118,77142,16394,40086,17123,3540,31704,77087,45320,15135,5431,11201,28234,68662,50505,1205897,921815,284082,1583101
103年,中正區,64923,3.02,2.59,1.3,1.76,1716141,1105346,791901,96968,216477,101025,137030,124318,248381,75650,45321,121061,57,6293,42,291482,20433,271049,60928,72751,132718,4653,1066214,127299,4313,35764,345219,321167,24052,29946,169815,60821,251,34809,23564,2197,29362,71312,44091,13002,5740,8479,33996,103853,54514,1424659,1066214,358445,1837595
103年,大同區,50879,3.14,2.68,1.63,1.76,1393943,741436,569573,36630,135233,200178,138070,98710,215533,76274,42918,95268,1073,-,15,227319,11656,215664,50325,35138,129797,403,956963,146062,10830,25374,283758,259663,24095,25176,121179,74505,14534,36045,21245,2682,28576,59941,31584,13466,5653,9238,18759,111485,51318,1166623,956963,209660,1491326
103年,萬華區,77568,2.81,2.35,1.17,1.58,1215375,666788,488649,42162,135976,187307,69604,69001,222660,89944,52851,79811,53,-,15,194096,15672,178424,51267,24198,102742,217,789078,125611,8652,19059,211479,190496,20984,20010,92401,50492,1852,28658,18322,1659,25835,59828,31585,11647,5325,11271,29117,84749,61843,1021278,789078,232201,1285675
103年,文山區,102515,3.18,2.54,1.37,1.67,1459090,895271,649315,63605,182351,172845,60909,97248,232782,73522,48644,107159,1454,2003,35,264415,17858,246557,60787,49609,135236,925,1013403,152136,6944,29914,293205,269610,23596,20486,135267,97465,15873,54234,21697,5661,29738,64867,34365,17036,5423,8043,49980,79851,53550,1194676,1013403,181273,1576944
103年,南港區,45323,3.33,2.78,1.48,1.84,1368716,846709,634879,24772,187059,145770,31404,70186,274459,118283,59514,94775,1886,-,188,225034,16508,208526,41337,32685,125998,8506,873927,151518,6535,27936,253284,229787,23496,18860,111151,58362,1135,38920,14968,3338,33845,45810,28745,9042,4006,4017,30311,76277,60039,1143682,873927,269754,1449726
103年,內湖區,104599,3.43,2.72,1.47,1.81,1691717,1092744,758650,90416,243677,102016,122747,125414,248750,100865,41833,103813,1632,607,45,354133,36501,317632,93258,58326,157087,8961,1124119,154298,10540,32709,311872,282459,29413,32296,141030,111308,8062,73552,24785,4908,42802,74641,33195,18816,9034,13597,53535,97453,61635,1337584,1124119,213465,1791269
103年,士林區,105119,3.21,2.6,1.32,1.59,1534828,881563,655418,24307,201838,208646,71290,99412,273565,127476,45197,100792,100,-,352,256659,6727,249931,65728,44865,139090,248,985091,154887,6201,40553,286007,262243,23764,24309,109606,72907,6422,41121,21616,3749,29359,60987,32842,14214,7240,6691,44765,84261,71248,1278169,985091,293079,1644069
103年,北投區,94444,3.23,2.69,1.44,1.74,1510503,978946,697993,93083,187870,129568,106799,85547,209239,61378,45145,102141,575,-,404,288406,16072,272334,70430,55286,143640,2978,965839,139913,6361,24970,282774,259320,23453,27896,118723,87349,23539,41681,18738,3392,31020,72561,35358,20615,6030,10558,42454,82103,49716,1222098,965839,256259,1623803
104年,總平均,1041379,3.08,2.6,1.31,1.76,1581899,939801,661129,87871,190801,164648,111793,103554,261948,104652,47796,106811,1190,1499,156,267868,14894,252974,61617,52807,134827,3724,1005898,149078,6646,28686,299256,276082,23173,28927,128925,70985,5855,41248,20187,3696,30687,76286,46482,15479,5626,8700,34710,89975,61738,1314031,1005898,308133,1697894
104年,松山區,80345,2.92,2.38,1.13,1.69,1764860,1038274,658821,171045,208408,212841,149794,112367,251562,104807,43029,103237,489,-,21,292796,18417,274379,71863,64872,137560,84,1095477,154623,5820,32216,317819,295144,22675,33330,132548,81584,9850,44331,22264,5139,28815,102967,65387,19457,8518,9606,46216,92345,67194,1472065,1095477,376588,1894060
104年,信義區,89407,3.05,2.47,1.27,1.77,1614459,1023234,704746,90069,228419,110726,157751,91489,231224,82318,43237,103222,2447,-,35,283786,15528,268259,64409,63196,140442,211,1008947,146534,7116,27706,303356,281027,22329,32041,119947,76122,5904,44030,23369,2819,31926,76541,47587,16215,5351,7387,33700,85592,68366,1330673,1008947,321726,1750874
104年,大安區,120572,3.09,2.65,1.31,1.78,1796676,1051484,741107,109964,200413,225045,142641,115395,261979,115400,42785,103752,42,-,132,297707,14630,283077,69553,68119,140403,5002,1134097,162837,4661,38930,346266,321878,24388,36925,147391,69028,344,43935,20178,4571,32102,89775,54479,18644,5818,10834,42976,86365,76840,1498969,1134097,364873,1935162
104年,中山區,98754,3.11,2.68,1.33,1.74,1527498,866440,638212,52240,175988,183762,139737,111539,225534,85210,43423,96731,170,-,487,268907,14978,253929,51143,50635,139959,12193,995879,140729,5982,26961,327968,305455,22512,27000,124717,56023,749,32981,19450,2843,31089,60312,31653,15851,5264,7545,33504,106407,55187,1258591,995879,262712,1654493
104年,中正區,65382,2.79,2.34,1.17,1.62,1610345,1058451,707822,118250,232379,115220,141871,85046,209518,68707,42010,98801,-,-,238,237124,11875,225249,39769,50273,126877,8331,1034890,128819,5309,30570,298967,276688,22278,33893,117968,46602,921,27362,16403,1916,27194,123465,93471,15205,4953,9835,37040,92139,92926,1373221,1034890,338331,1755762
104年,大同區,51432,2.91,2.5,1.42,1.77,1409870,671571,522384,25798,123390,209953,74451,109318,344387,177841,34838,131709,-,-,190,205387,7715,197672,52238,28551,116061,822,895269,125745,5935,26040,255110,234062,21048,20053,154831,48254,306,28184,17433,2331,27411,70286,48353,11736,3952,6245,22659,80285,58659,1204483,895269,309214,1485623
104年,萬華區,78159,3.09,2.59,1.37,1.82,1290707,672413,490183,59596,122634,170270,69098,84323,294445,119577,56448,113030,715,4676,158,202094,15378,186716,40970,29236,114493,2017,844435,169540,5646,21258,238508,215225,23282,19898,116339,56545,943,32791,20385,2425,27982,38864,17995,12466,3109,5293,23066,78371,48418,1088613,844435,244178,1370951
104年,文山區,103885,3.15,2.55,1.31,1.74,1623838,1019602,673390,127195,219017,134666,101369,105599,262258,77482,68070,116562,144,-,345,335244,21773,313470,94592,75779,137848,5251,1011648,136504,7906,28578,286333,260827,25506,29888,126344,78538,3092,47468,23153,4825,30894,86216,48739,18803,7163,11511,40651,95245,64551,1288595,1011648,276947,1721488
104年,南港區,46136,3.13,2.67,1.2,1.61,1275190,671744,517016,28219,126510,169988,25265,92229,315963,149095,58109,108689,70,-,-,178740,3804,174935,38603,23856,112216,260,830705,148275,7500,21667,232836,211259,21577,22881,122396,46220,264,30243,13386,2327,26716,46928,27111,10719,3951,5148,30847,79322,45116,1096450,830705,265745,1370167
104年,內湖區,105967,3.11,2.72,1.44,1.8,1603347,1064730,757591,62829,244310,129586,92853,115404,200632,67126,36920,91081,5017,488,143,289647,13269,276379,59327,55947,156155,4949,1012023,152593,7016,30292,308088,284987,23101,26988,102364,98956,17426,55726,21264,4540,32982,73216,45588,15217,5405,7006,32200,94500,52830,1313700,1012023,301677,1711416
104年,士林區,105901,3.17,2.69,1.39,1.79,1587470,960932,695191,91111,174630,149721,94180,103815,278792,110917,48609,107141,1320,10805,30,267972,17054,250918,70452,44254,134411,1801,1029915,147690,8560,27743,318441,294675,23765,27821,140085,82401,11708,44396,21774,4523,32388,75255,43729,15106,5848,10572,34090,86874,48568,1319498,1029915,289583,1720758
104年,北投區,95439,3.2,2.72,1.34,1.87,1566636,876360,639079,70790,166492,168896,97088,99338,324936,147744,54919,120029,2243,-,18,247249,14403,232847,56085,44922,131546,294,993001,159452,7896,24462,279505,256646,22859,28226,142234,76014,11447,43671,17245,3651,32526,62569,35855,11115,6138,9462,30084,90721,59311,1319387,993001,326386,1663136
105年,總平均,1045175,3,2.56,1.29,1.75,1568945,879117,631891,70693,176534,191266,119970,107442,271027,103702,44848,120943,630,-,123,248111,12548,235563,58980,49278,125318,1987,1025150,149185,6637,29069,302805,281801,21004,29161,135370,68288,3626,38958,21994,3710,30137,76807,48080,14214,5225,9289,33161,101208,63321,1320834,1025150,295684,1688289
105年,松山區,80338,2.91,2.51,1.21,1.74,1736854,924305,635046,99767,189492,209230,134871,105454,362659,168756,49512,143412,-,-,335,267482,21361,246121,83009,45670,115286,2157,1142848,142303,8234,31536,314014,292690,21324,35882,162463,69038,1042,42630,22003,3364,30000,114355,79217,16160,7736,11242,36177,103020,95827,1469372,1142848,326524,1875150
105年,信義區,89470,2.98,2.56,1.42,1.9,1752122,996115,742095,51104,202917,209190,139794,98157,308620,126115,49393,132583,58,-,247,291727,7193,284534,85290,61894,137205,145,1111728,143873,8025,35050,321686,301274,20412,30992,148694,81385,644,41954,36296,2491,30744,89446,58044,13892,6341,11169,37261,106103,78470,1460396,1111728,348668,1875967
105年,大安區,120471,2.98,2.58,1.15,1.76,1924348,1111118,736112,175243,199763,245218,204095,140798,223094,62753,40749,114360,469,-,24,316290,17050,299240,69061,95363,133349,1468,1246715,164899,6865,34402,399031,376391,22641,38802,160223,83684,8232,43760,26752,4941,34687,98825,60702,21087,6940,10097,39261,113735,72301,1608058,1246715,361344,2105422
105年,中山區,99233,2.73,2.36,1.05,1.58,1414782,691348,493817,59157,138374,224790,112032,90971,295578,140670,37215,114759,682,-,63,199229,10678,188551,36405,42830,108190,1125,959064,135655,4727,28618,274983,253750,21233,20710,120207,63705,7871,31991,21283,2559,23541,62691,36758,11214,3881,10838,19033,125004,80189,1215553,959064,256489,1526761
105年,中正區,65178,2.87,2.36,1.28,1.62,1577131,840473,623951,39168,177354,220016,108767,94900,312645,138976,43536,129225,498,-,330,253956,10068,243888,59110,50348,121047,13383,1006541,157974,5700,26433,297505,276475,21030,22380,153396,68567,2620,37296,24245,4406,31479,69018,45022,13098,4205,6693,33000,86488,54601,1323175,1006541,316635,1688083
105年,大同區,51548,2.97,2.46,1.41,1.7,1369131,710623,563143,-,147480,271168,76811,103331,207162,58789,39182,109191,-,-,36,207869,4993,202876,46464,36595,118780,1038,876450,131629,4850,32688,258599,239536,19063,35781,95031,43715,-,25639,15164,2913,30581,67387,46438,9408,3901,7639,53194,73908,49086,1161262,876450,284812,1466914
105年,萬華區,78302,3.01,2.55,1.33,1.7,1361999,670821,503550,29720,137551,205057,84350,130756,270918,94381,50767,121506,4264,-,98,191920,8667,183254,40609,29614,112887,144,902444,144353,4246,29512,298135,278686,19449,26803,130624,42845,6620,24160,8790,3274,25497,44884,24190,10075,3707,6913,22901,78320,54324,1170078,902444,267634,1458420
105年,文山區,104733,3.04,2.6,1.25,1.75,1446455,841970,593851,90811,157308,135937,111444,107684,249340,88829,50654,109370,488,-,79,217079,13596,203483,44026,37842,121482,133,957284,148843,7481,25287,282976,260800,22175,26008,117461,67314,523,41166,23405,2219,33068,69999,46509,11915,4893,6682,33858,95392,49596,1229376,957284,272092,1558824
105年,南港區,46585,3.27,2.81,1.48,1.81,1430341,909551,672226,60132,177194,111162,102810,100530,206287,54513,43819,107955,-,-,-,245056,15499,229557,62395,32937,133981,245,954785,165796,8944,31773,256161,234709,21452,31051,127992,57588,190,36433,17049,3915,30318,78913,47783,13501,6381,11249,32681,85353,48214,1185284,954785,230500,1517255
105年,內湖區,106873,3.15,2.68,1.47,1.84,1542835,947562,692205,38749,216608,168393,81519,110609,234530,66773,37217,129743,796,-,224,267023,15653,251370,62154,42871,145498,847,1030950,140287,6325,25766,300221,279816,20405,27434,132247,79646,9845,49265,14999,5537,32306,81528,49375,15778,5475,10900,39576,111320,54293,1275812,1030950,244862,1660249
105年,士林區,106462,2.99,2.55,1.23,1.66,1569660,924725,668500,60466,195759,125184,147620,96642,275450,110876,50939,113387,249,-,38,269882,13289,256593,68343,54889,128273,5089,1005379,150378,6975,23966,291412,272180,19232,32648,134888,71779,510,43708,23213,4347,29746,75168,45992,15673,4260,9243,33405,93387,61627,1299778,1005379,294399,1679767
105年,北投區,95982,3.11,2.69,1.37,1.87,1470745,820797,599641,68207,152950,181475,81259,96172,291011,122574,44751,123685,-,-,31,209823,8496,201328,47394,32808,121047,79,952441,162464,7174,26844,274747,252324,22423,22013,125180,64372,174,36692,23625,3880,28168,59916,33769,13569,4559,8019,23548,109590,48427,1260921,952441,308480,1571891
106年,總平均,1049354,3.08,2.62,1.34,1.78,1648122,966703,700338,60971,205394,162862,124770,103099,290528,107427,44420,133893,1020,3768,160,303584,14733,288850,87974,55534,141426,3917,1080904,153159,8209,31440,306342,284755,21587,32302,145265,77258,4768,44387,24047,4057,31294,88190,55523,16047,5676,10945,36106,106045,65294,1344538,1080904,263634,1767413
106年,松山區,80532,2.91,2.5,1.13,1.72,1815149,1110746,788069,101073,221604,100420,159630,121344,322966,145757,37244,130988,2841,6137,43,346252,20276,325975,90411,65314,145911,24338,1245159,160750,6607,36474,394876,372512,22364,38877,160416,84366,852,51279,26506,5729,35042,113754,70556,21809,7863,13526,33989,110254,69755,1468898,1245159,223739,1980257
106年,信義區,89384,3.01,2.6,1.31,1.8,1710394,969754,708579,75083,186091,118952,227238,107351,286774,120789,37155,126478,1190,1164,324,327389,13266,314123,116780,54607,142446,290,1071442,167552,6594,34500,304381,282895,21486,37144,128855,67771,556,40080,23362,3773,30703,97626,60575,18355,5527,13169,27985,90518,77812,1383005,1071442,311563,1810996
106年,大安區,120678,3.03,2.53,1.24,1.74,1884109,1177628,800073,111639,265917,108643,170380,137386,289874,116235,42568,128608,128,2335,197,396430,17813,378616,144735,80923,152708,250,1196932,146767,6964,35547,364771,344394,20377,31914,148447,76588,82,37738,35663,3106,29053,110762,75219,17594,6573,11376,43939,109868,92311,1487679,1196932,290748,2035115
106年,中山區,99962,2.98,2.55,1.26,1.74,1582274,907715,634487,49881,223346,142286,94999,108270,328953,125095,46480,152154,2031,3193,52,297101,11209,285892,99274,59739,126585,294,1121952,150665,9094,32009,311405,289766,21640,32477,171960,96872,13035,48744,31374,3719,34231,78724,43259,17331,6343,11790,31792,112525,60199,1285173,1121952,163221,1699359
106年,中正區,65217,2.91,2.49,1.25,1.66,1759723,1225465,863554,80338,281574,146971,106899,95722,184666,42236,40056,101807,567,-,-,396338,22336,374002,101530,107438,163317,1717,1101575,127890,8254,33365,291407,273055,18351,26880,118389,82496,10331,46079,22430,3656,29850,113580,82547,12714,5679,12640,52252,138326,78887,1363385,1101575,261810,1885610
106年,大同區,51728,3.19,2.57,1.33,1.66,1459379,762227,577644,45004,139580,234683,74927,93566,293583,109657,47569,125195,1250,9912,392,282731,18072,264659,94895,28373,126251,15139,983892,175295,8228,32820,264947,240417,24531,28600,139092,62131,2101,39126,17953,2952,27717,78554,46535,15548,4450,12022,39838,74688,51981,1176648,983892,192755,1547220
106年,萬華區,78587,2.94,2.5,1.32,1.66,1437253,693033,532399,22376,138258,256324,85121,84583,317983,115933,51213,137433,1496,11908,208,223795,12609,211186,56972,37702,116303,209,919658,141702,5665,24859,261732,243662,18070,24596,142631,56535,2252,36162,15385,2736,26205,55576,31516,13172,4355,6533,31167,91008,57981,1213458,919658,293800,1550263
106年,文山區,105178,3.13,2.7,1.35,1.76,1537700,861727,621909,74852,164965,167711,140654,95167,272338,102372,51028,111737,598,6604,104,244521,8929,235592,45464,45004,141448,3676,1007231,152956,9448,29731,284683,264731,19951,27498,131431,72487,8330,37299,22579,4278,28022,71217,41185,15955,4005,10072,25285,115121,59352,1293180,1007231,285948,1649550
106年,南港區,46898,3.25,2.85,1.46,1.92,1510593,930224,701489,28761,199974,135244,60718,95578,288829,68722,46610,171130,2366,-,-,265590,21048,244542,55356,44010,144672,504,1002355,133645,12395,23261,273867,247030,26837,22981,175677,78875,546,54378,18898,5053,40276,74338,47601,13022,5018,8697,33916,93166,39959,1245003,1002355,242648,1611718
106年,內湖區,107602,3.16,2.75,1.57,1.92,1655156,1100450,826670,37460,236320,106786,90493,118110,239115,83949,36701,118161,304,-,202,308473,15391,293082,82635,49608,160685,154,1123400,165249,9497,30941,310959,288179,22780,42343,140129,96942,12374,53933,25129,5506,35687,90533,57793,15765,5328,11647,37399,108875,54847,1346683,1123400,223283,1759538
106年,士林區,106945,3.24,2.78,1.43,1.92,1621387,846103,630414,37610,178079,254773,116612,78613,325029,115323,48916,155346,326,5117,258,247267,8667,238601,66000,38026,132272,2303,1065023,157798,8556,31950,281837,258508,23329,35252,148607,67039,2584,40695,19646,4115,30873,89987,57685,15036,6615,10651,37713,112874,62536,1374120,1065023,309097,1735596
106年,北投區,96643,3.17,2.65,1.36,1.76,1630628,915344,676794,42115,196436,209619,106759,83604,315204,111424,48404,154129,580,666,99,289822,15316,274506,81447,49223,138872,4964,1023095,149703,8509,27827,286000,264064,21936,29861,142133,75875,1066,51105,19701,4003,30277,74913,47041,13702,5394,8776,40807,98309,58880,1340806,1023095,317711,1748329
107年,總平均,1053741,3.16,2.7,1.39,1.85,1649348,965616,711891,57923,195802,181040,109807,111038,281747,99706,41218,134835,1492,4496,101,270043,11137,258905,64990,52074,137304,4538,1082626,159108,7723,28312,310679,290089,20589,28365,150546,74928,3188,43240,24425,4074,28796,87803,54623,17933,5133,10115,37397,112002,56968,1379305,1082626,296679,1767002
107年,松山區,81067,3.03,2.59,1.24,1.73,1782277,949146,681505,79696,187945,265316,142284,116599,308730,135537,35813,137380,-,-,201,312692,15481,297211,95776,64365,129723,7346,1236019,183005,11679,34635,376680,352936,23744,32270,152151,62933,384,39760,19490,3298,28375,117100,69706,26299,7062,14032,43004,119244,74943,1469585,1236019,233567,1951685
107年,信義區,89477,3.25,2.81,1.48,2.03,1802003,1049456,761507,70072,217877,254568,93707,111290,292901,85977,43140,162718,1066,-,81,285252,6693,278559,68970,64488,144629,471,1124758,150844,8723,33414,302073,279048,23025,36080,164523,74300,6462,42429,21853,3556,30204,88589,52898,20128,4535,11028,40887,132349,62771,1516751,1124758,391994,1918527
107年,大安區,121092,3.14,2.72,1.29,1.84,1797034,1112583,774254,117102,221227,127002,144130,145723,267584,89590,35917,128227,3851,9999,11,277723,11103,266620,60138,64897,141151,433,1203114,160811,6370,29236,369127,350493,18634,28637,154813,78347,2498,44057,28499,3293,31084,107228,73843,16289,5346,11751,42976,126387,68096,1519311,1203114,316198,1936828
107年,中山區,100321,2.92,2.41,1.28,1.72,1590584,903398,669943,41872,191583,145350,159989,125585,256170,91745,32102,115830,843,15649,91,282816,15147,267669,67718,53474,132683,13793,1048631,143102,5270,24283,331530,312326,19204,28996,140671,74891,175,42381,27353,4982,26408,80836,47543,18388,4511,10393,37453,100373,54818,1307768,1048631,259137,1709233
107年,中正區,65487,3.19,2.68,1.5,1.77,1745734,1011299,759635,45418,206246,261474,122894,103868,246006,102705,39853,103449,-,-,192,313231,6336,306895,86989,57072,147273,15560,1047763,156572,7870,35652,295718,277564,18154,29350,136313,67312,939,46927,16103,3343,28420,95628,62509,18326,4949,9844,38387,97937,58605,1432504,1047763,384741,1850711
107年,大同區,51891,3.33,2.89,1.69,1.92,1544837,908808,708585,12147,188076,163810,94681,113527,264011,77177,42135,142632,2067,-,-,257059,8142,248918,64678,38477,145460,303,1063429,156422,6383,27263,303678,281342,22336,23020,172260,67905,-,43728,20424,3753,32888,65623,37046,16378,4831,7369,42804,119381,45801,1287778,1063429,224349,1653686
107年,萬華區,78667,3.1,2.67,1.39,1.83,1436686,663691,525176,11875,126641,340567,55255,75746,301010,109737,49806,141004,463,-,416,200556,10814,189741,48382,29725,110700,935,906856,149441,8324,27069,231541,209481,22060,26230,131591,65886,5780,33998,23558,2550,29202,58497,33318,13657,3765,7757,24977,107490,46607,1236130,906856,329274,1513921
107年,文山區,105883,3.03,2.65,1.29,1.84,1517569,898803,662616,58182,178004,113504,116967,89504,298774,117588,44448,131739,1046,3952,18,221066,8362,212704,43713,41226,122704,5061,1009844,152578,7065,26451,289841,269642,20199,25951,153617,70243,4254,38517,23645,3827,27775,80194,46189,17282,5339,11385,29347,101095,45687,1296503,1009844,286658,1625308
107年,南港區,47166,3.12,2.74,1.41,1.96,1529307,947211,695267,49272,202672,127823,74364,93602,286060,103914,44995,137151,-,-,246,247140,4545,242595,70168,38687,127511,6230,1029203,169061,8425,24252,291237,269540,21697,24307,145412,76892,1556,48583,21647,5105,26503,85903,49637,22961,4654,8650,28005,93533,55672,1282167,1029203,252964,1646931
107年,內湖區,108393,3.33,2.7,1.57,1.9,1676954,1105860,839355,39730,226775,114085,86166,128766,242028,61493,37626,135684,964,6261,50,308464,14834,293630,65054,65265,162217,1094,1103014,161862,7918,28168,317082,297498,19584,23896,142562,92555,6012,53172,26594,6778,30345,81104,50111,15729,6144,9121,48034,117524,51964,1368490,1103014,265476,1790219
107年,士林區,107354,3.15,2.65,1.31,1.75,1634686,942135,698569,60924,182642,159396,98200,106953,327971,131573,48657,139662,1234,6844,32,267708,13157,254551,64705,48243,135571,6032,1047816,156889,8439,24847,300984,280428,20556,26561,142494,74217,951,41629,27522,4115,26392,83017,51498,15910,5499,10110,37929,106650,59397,1366979,1047816,319162,1738387
107年,北投區,96943,3.39,2.95,1.44,1.94,1624732,978488,712192,62453,203843,171051,94939,96631,283581,91038,43891,142878,4478,1295,42,255953,12477,243476,58556,42761,142121,39,1097841,173856,7211,25947,282706,262561,20145,32515,171555,82787,6567,44754,27622,3844,28357,97918,68431,17497,4317,7674,29850,111097,54041,1368779,1097841,270939,1748745
108年,總平均,1058621,3.1,2.66,1.41,1.92,1723021,1031478,750145,55953,225380,167475,141013,106865,276093,92582,38483,142635,1174,1219,98,300621,14529,286092,75568,60384,147052,3089,1152501,161150,8371,32881,306002,286574,19428,35623,155722,82268,4715,48122,25151,4280,28480,108796,72146,19444,4757,12449,34876,136809,61523,1422400,1152501,269900,1839410
108年,松山區,81372,3.1,2.69,1.34,1.96,1882186,1144794,812202,65619,266973,170538,166340,130009,270409,88281,35710,143349,181,2889,95,333182,13723,319458,99446,57154,156833,6026,1261799,168890,8176,42386,351177,331516,19661,36510,170403,88089,5865,53882,23597,4744,29947,114953,78816,17455,5548,13134,35921,162313,53035,1549005,1261799,287205,2027777
108年,信義區,89427,2.98,2.65,1.3,1.92,1809238,966931,679464,55006,232461,237934,208215,83436,312717,126214,33925,147003,5575,0,6,271719,6680,265039,62173,62875,136801,3190,1200421,165385,7837,31845,297887,279053,18834,33491,155292,98712,24443,44719,26334,3216,26571,150331,116039,21498,4000,8794,29137,143387,60547,1537519,1200421,337098,1944642
108年,大安區,121526,3.03,2.6,1.33,1.85,1961348,1130814,818081,59290,253444,215017,200684,142234,272595,93070,33773,140754,375,4624,3,371146,16284,354862,105542,97060,146779,5480,1299939,173348,6032,36272,392261,371634,20627,41793,151943,92982,775,50437,36702,5068,30054,109610,72444,20305,5778,11083,43552,146855,75237,1590202,1299939,290263,2109095
108年,中山區,100537,2.89,2.51,1.32,1.84,1614178,882392,636212,62848,183331,217673,116922,121990,275098,82116,32519,157830,32,2601,103,274476,19084,255392,77099,47487,127036,3770,1071429,156814,7249,29947,309898,290668,19230,30570,150836,69510,701,38956,26714,3138,27707,89863,63043,13797,3571,9453,29178,117550,52308,1339702,1071429,268273,1720988
108年,中正區,65635,2.83,2.39,1.21,1.73,1744835,1114097,749778,107457,256862,131640,142763,98129,257892,92567,45887,119189,249,0,314,294273,8400,285872,72633,71854,141277,108,1171917,159089,7573,31357,346256,326936,19320,32510,160699,77495,475,50692,21713,4615,28797,102863,69751,16494,4494,12123,35280,123832,66165,1450563,1171917,278646,1894842
108年,大同區,51965,3.12,2.64,1.43,1.81,1575517,894841,676983,15791,202067,176739,142387,99737,261719,81650,37808,140636,1626,0,94,262161,13337,248824,68230,40990,139569,35,1012764,156493,9018,22492,242530,223903,18627,30746,138627,61193,2929,35614,19625,3025,27721,95379,64704,17294,4256,9125,30550,130017,67998,1313356,1012764,300591,1660340
108年,萬華區,79029,3.07,2.66,1.51,1.99,1492804,883661,667072,40473,176116,157924,79483,93053,278207,87007,41019,148019,2162,0,477,258068,12186,245883,63485,43438,138895,66,1010475,154442,7406,28711,244768,227384,17384,28625,140694,62359,2800,36712,19714,3133,26568,94753,65081,17773,3837,8062,31740,137178,53232,1234736,1010475,224261,1572599
108年,文山區,107025,3.09,2.58,1.41,1.78,1617574,979602,726890,57309,195403,219892,103494,89594,224888,65398,42098,115882,1509,0,104,269367,16475,252892,55534,53307,143991,60,1139546,155015,9719,33924,291753,273505,18248,44825,148651,92359,9150,54712,22338,6159,28852,114932,64908,25477,4270,20277,32782,126187,60547,1348206,1139546,208660,1730811
108年,南港區,47449,3.08,2.68,1.41,1.83,1597905,1012812,724126,58920,229766,73871,131587,83818,295718,86512,35250,172465,1491,0,99,244450,7040,237411,50999,51181,134974,257,1082222,143562,8836,38856,233228,214373,18855,40302,196658,72637,0,44884,23946,3807,25848,118281,80628,18389,3071,16193,28023,123288,52704,1353455,1082222,271232,1670561
108年,內湖區,109087,3.27,2.82,1.59,2.07,1719507,1126804,838200,46897,241708,121794,88438,111079,271391,93633,37126,139225,1162,246,0,347825,15549,332276,96549,53995,176341,5391,1206333,178624,10278,40168,324262,302043,22219,37730,159197,94233,5309,63241,20868,4815,30616,90719,48723,22540,6497,12960,39083,137146,64277,1371682,1206333,165349,1850136
108年,士林區,107933,3.3,2.77,1.46,2.08,1815176,1075811,791179,44205,240427,137786,211609,92844,297113,109488,48640,136938,143,1903,13,327153,19151,308002,75686,71228,153634,7454,1149631,150352,10318,28804,290009,270636,19373,26944,161473,81234,1442,46961,28879,3952,29205,130287,93280,19881,4930,12197,39643,136398,64966,1488023,1149631,338391,1918797
108年,北投區,97636,3.3,2.79,1.5,2.02,1655468,1073282,796743,56972,219566,88300,83191,111203,299448,98754,38204,162135,355,0,45,277766,17425,260341,55034,52134,152930,242,1085141,157088,8072,26952,268960,249800,19160,39589,149148,74086,456,45902,23362,4366,27266,91701,53293,18406,5143,14858,34558,147192,60532,1377702,1085141,292561,1747667
